UserID,Name
1001,Mr. Saul Ebert
1002,Holly Wyman
1003,Jennie Johnston
1004,Glenda Shanahan
1005,Geoffrey Leannon
1006,Dr. Randy Reilly PhD
1007,Dr. Gertrude Terry
1008,Cynthia Raynor
1009,Dan Morissette
1010,Penny Cassin
1011,Curtis Erdman
1012,Rudy Ziemann
1013,Adrienne Ritchie
1014,Rudy Wehner II
1015,Francis Jacobson
1016,Brent Kovacek
1017,Aubrey Klein III
1018,Malcolm Boehm
1019,Melissa Stiedemann
1020,April Dickens
1021,Kendra Morar
1022,Paula Harris
1023,Morris Lueilwitz IV
1024,Cameron Tillman
1025,Ada Kreiger
1026,Miss Essie Wyman
1027,Byron Kohler
1028,Melissa Dickinson
1029,James Kerluke
1030,Blake Cruickshank
1031,Douglas Murphy
1032,Darrin Bergstrom
1033,Hector Beahan
1034,Rosemarie Mitchell
1035,Adrian Christiansen
1036,Tony Kuhn-Boyer
1037,Ronnie Stracke
1038,Alfonso Hand
1039,Mrs. Nadine Gorczany
1040,Jenny Gleichner DDS
1041,Miss Ruby Sawayn
1042,Ronald MacGyver
1043,Dr. Earnest Nikolaus
1044,Ramiro Pagac
1045,Miss Ernestine Ankunding I
1046,Erick Hegmann
1047,Bobbie Kuhic
1048,Kimberly Howe
1049,Lawrence Anderson
1050,Mindy Goyette
1051,Mr. Stephen Satterfield
1052,Lee Ledner
1053,Maxine Durgan
1054,Mr. Evan Wiza
1055,Cindy Wolff
1056,Randal Morissette-Wisozk
1057,Jesus Ferry
1058,Alfred Christiansen
1059,Dr. Jeanette Nolan
1060,Felix Thompson
1061,Emma Conroy
1062,Abraham Prosacco
1063,Matthew Ferry
1064,Pat Fay-O'Kon
1065,Mrs. Jamie Kilback
1066,Leticia Fay
1067,Francis Sporer
1068,Guy Corkery MD
1069,Lee Kautzer
1070,Cameron Glover Jr.
1071,Joyce Johnston
1072,Beverly Rodriguez
1073,Karl Bruen
1074,Joyce Berge
1075,Blanche Nolan-Schaefer
1076,Kristina Schaden
1077,Virgil Schimmel
1078,Jeannette Graham
1079,Pat Walsh
1080,Olive Koepp
1081,Clayton Braun
1082,Colin Bauch
1083,Opal Erdman
1084,Paula Spinka
1085,Cindy MacGyver
1086,Jamie Hammes
1087,Roosevelt Price
1088,Christina Moore
1089,Rolando McKenzie
1090,Charlotte Gorczany
1091,Frederick Block
1092,Lorenzo Lakin
1093,Raul Bergstrom IV
1094,Kristen Feest V
1095,Nathan Crona
1096,Rafael Koch IV
1097,Wilbur Roob
1098,Herbert Runolfsson
1099,Sue Reinger
1100,Clayton Rippin
1101,Trevor Stroman
1102,Irvin Cummerata
1103,Sonya Hermiston
1104,Mrs. Andrea Heidenreich
1105,Derrick Heaney
1106,Claire Feil-Stanton
1107,Jerald Bechtelar
1108,Ms. Nettie Steuber
1109,Glenda Jerde
1110,Kari Ritchie
1111,Delores Crona
1112,Jane Wyman
1113,Leah Feil Jr.
1114,Toby Vandervort
1115,Deborah Bode
1116,Tina Nitzsche
1117,Al Schoen
1118,Sabrina Krajcik
1119,Orville Nader PhD
1120,Dora McCullough
1121,Karla Dare
1122,Dr. Bobbie Stroman
1123,Bobbie Powlowski III
1124,Dr. Sonya Zulauf
1125,Kathy Wehner
1126,Edna Rolfson
1127,Jim Wyman
1128,Cary Mosciski
1129,Lela Marvin
1130,Barbara Reichert
1131,Wallace Schumm
1132,Mr. Walter Schmitt
1133,Mr. Jacob Gibson
1134,Neil Gerhold
1135,Roman Kreiger
1136,Felipe Von V
1137,Joyce Lockman
1138,Henry Durgan
1139,Howard Beatty
1140,David Tremblay
1141,Anthony Klein V
1142,Sean O'Keefe
1143,Jennie Waelchi
1144,Elizabeth Jerde Jr.
1145,Natasha Price
1146,Cynthia Will-Mertz
1147,Timmy Hayes
1148,Ms. Brenda Becker
1149,Gayle Grimes
1150,Mr. Jared Graham
1151,Olive Block-Raynor
1152,Jerry Ortiz
1153,Kelli Wyman
1154,Stephanie Bartoletti
1155,Santiago Bailey
1156,Jake Quitzon
1157,Jay Stanton-McKenzie
1158,Walter Rice
1159,Tasha McClure
1160,Jane Hane
1161,Louise Bailey Jr.
1162,Jan Funk
1163,Ms. Jennie Stehr
1164,Clarence Grady
1165,Bobbie Kuhn
1166,Dr. Perry Nicolas
1167,Jessie Emard
1168,Jamie Wuckert
1169,Denise Kulas
1170,Theresa Yost
1171,Sylvester Bogan
1172,Jeannette Labadie
1173,Kelli Farrell
1174,Antoinette King-Koss
1175,Dana Stokes
1176,Nancy Towne
1177,Gabriel Raynor PhD
1178,Clifton Nader
1179,Dr. Merle Koepp
1180,Mr. Erik Carroll
1181,Israel Wuckert
1182,Frances Reichert
1183,Sonia Ullrich
1184,Mrs. Carole Shields
1185,Ollie Hartmann
1186,Holly Macejkovic
1187,Dawn Marvin DVM
1188,Mr. Dale Harber
1189,Anita Pfannerstill
1190,Wm Beahan
1191,Mr. Chester Lueilwitz Jr.
1192,Lorraine Fisher
1193,Mildred Marks
1194,Amy Krajcik
1195,Lewis Paucek-Schuster
1196,Wanda Gutkowski
1197,Gene Wunsch
1198,Wanda Reinger
1199,Ricky Volkman
1200,Brent Kilback
1201,Malcolm Bernhard
1202,Ramona Goldner-Willms
1203,Garrett Konopelski
1204,Dr. Geneva Rosenbaum III
1205,Cecilia Veum-Cummerata
1206,Marcus O'Connell
1207,Debra Gibson IV
1208,Antonia Upton
1209,Debra Friesen
1210,Shane McGlynn
1211,Sheila Becker
1212,Sadie Bruen Jr.
1213,Jean Kuhic
1214,Miss Monique Breitenberg
1215,Lynne Howe
1216,Fernando Botsford
1217,Leland Paucek DDS
1218,Ruby Wilderman
1219,Victoria Hudson
1220,Irma Volkman
1221,Kurt Schowalter
1222,Pat Turner DVM
1223,Terry Hoppe
1224,Kelli Runolfsdottir II
1225,Brett Yundt
1226,Sophia White
1227,Isaac Roberts
1228,Roy Bradtke
1229,Lionel Lueilwitz I
1230,Isabel Ward
1231,Dean Murray
1232,Sherri Champlin
1233,Joey Carroll
1234,Dr. Todd DuBuque
1235,Celia Moen
1236,Gene Simonis I
1237,Kara Rippin
1238,Anne Schaefer
1239,Eula Dare
1240,Sophie Friesen
1241,Erik Rosenbaum
1242,Amelia Jast
1243,Miss Eva Bahringer
1244,Danny Kiehn
1245,Alton Daugherty
1246,Taylor Balistreri-Doyle
1247,Lillie Heathcote
1248,Glenda Friesen
1249,Doris Hermann
1250,Jeffery Mante
1251,Christian Wisoky
1252,Melba Williamson
1253,Sherman Jacobi
1254,Johnny Cremin
1255,Joseph Conroy
1256,Kyle Rempel
1257,Marshall Kub
1258,Lora Brakus
1259,Miss Lucy Bailey
1260,Dr. Neal Hauck I
1261,Dr. Brad Rosenbaum
1262,Mr. Austin Weimann III
1263,Lucas Klocko
1264,Jeannette Swaniawski
1265,Jackie Gusikowski
1266,Theodore McKenzie
1267,Mr. Troy Schuster
1268,Monica Gleichner
1269,Mr. Domingo Hoppe
1270,Patty Gislason
1271,Kelvin Dare-Gleichner
1272,Miss Esther Graham
1273,Jeannie Olson
1274,Lionel Greenholt-Hahn DDS
1275,Ada Mueller
1276,Florence Cartwright-Halvorson
1277,Cathy Predovic
1278,Gilbert Moen
1279,Jan Ward DDS
1280,Angel Marks Jr.
1281,Dr. Joan Schowalter
1282,Archie Erdman
1283,Laverne Upton
1284,Mrs. Louise Pfannerstill
1285,Bob O'Reilly
1286,Felipe Roob
1287,Melissa Kling
1288,Marcus Schaden
1289,Lawrence Will IV
1290,Lucia Walter
1291,Mr. Ed Harber
1292,Chelsea Abbott
1293,Gerald Kemmer
1294,Lila Lind
1295,Emily Kemmer
1296,Daisy Rippin
1297,Tammy Carter
1298,Troy Kohler
1299,Mae Grady II
1300,Ervin Schuster
1301,Jimmie Bergnaum
1302,Ellen Bauch
1303,Roger Ruecker Sr.
1304,Jerry Waters II
1305,Elena Fadel
1306,Mr. Jay D'Amore
1307,Joy Kessler
1308,Barry Maggio
1309,Wilma Schiller
1310,Kirk Crooks-Smith
1311,Wilma Bayer
1312,Mr. Greg Breitenberg
1313,Wilbur Koelpin
1314,Vicky Klein
1315,Dr. Krista Nikolaus
1316,Harriet Runolfsdottir
1317,Gerald Hirthe IV
1318,Sonya Bergstrom
1319,Melba Heidenreich
1320,Darrin Toy
1321,Edmund Beier
1322,Brett Walter V
1323,Timothy Murray
1324,Jacquelyn Brekke
1325,Christina Hickle
1326,Delia Gislason Sr.
1327,Louis Renner
1328,Whitney Schmeler MD
1329,Emilio Dare
1330,Brooke Considine
1331,Laurie Weissnat
1332,Mathew Block
1333,Natasha Farrell
1334,Rhonda Strosin-Gulgowski
1335,Edith Hilpert
1336,Sonia Cruickshank III
1337,Bridget Stracke
1338,Jenny Streich
1339,Nicholas Homenick-Franey
1340,Megan Bogan
1341,Melissa Stiedemann PhD
1342,Hazel Towne
1343,Brett Deckow
1344,Gilbert West
1345,Margaret Zemlak
1346,Walter Daniel DVM
1347,Dr. Walter Tremblay
1348,Abel Crooks
1349,Mrs. Allison Zboncak
1350,Janis Tillman
1351,Margaret Kovacek
1352,Vivian Swift
1353,Luke Lueilwitz-Koch
1354,Naomi Osinski
1355,Rex Weber
1356,Dr. Vanessa Leannon
1357,Mrs. Kristine Heller
1358,Derrick Marquardt
1359,Fernando Rowe
1360,Nathaniel Brown
1361,Lionel Nicolas
1362,Ms. Freda Stracke
1363,Andrea Beatty
1364,Shari Keebler Jr.
1365,Bonnie Robel Jr.
1366,Rosemary Kihn
1367,Clayton Lowe
1368,Bert Kovacek Sr.
1369,Salvatore Haley
1370,Tommy McLaughlin
1371,Janis Kassulke
1372,Leland Schuppe
1373,Bryant Moore
1374,Mable Wuckert
1375,Angel Boyer
1376,Eleanor Mueller
1377,Nicole Wiegand
1378,Adrienne Mueller
1379,Regina Greenfelder
1380,Mrs. Stephanie Strosin
1381,Shannon Mante III
1382,Lynn MacGyver IV
1383,Gladys Hahn
1384,Pat Lockman DDS
1385,Samuel Stroman
1386,Allan Sporer
1387,Amos Haley
1388,Elsa Hayes I
1389,Kayla Treutel
1390,Sheri Collins
1391,Dr. Faith Denesik
1392,Justin Tillman
1393,Elena Emard
1394,Gerardo Pouros Jr.
1395,Rick Thiel
1396,Kelly Schiller
1397,Jana Grant
1398,Don Pfannerstill DVM
1399,Carole Farrell
1400,Dr. Evan Murphy
1401,Chelsea Johnson
1402,Merle Howe
1403,Salvador Ruecker PhD
1404,Josephine Bashirian
1405,Rebecca Robel
1406,Emily Krajcik MD
1407,Elmer Harris
1408,Theodore Schinner
1409,Fredrick Simonis
1410,Cody Batz
1411,Johnny Lockman
1412,Samantha Boyer
1413,Jo Schuppe
1414,Shaun Mertz
1415,Jeanette Mitchell
1416,Dr. Florence Sauer
1417,Jan Morar
1418,Dr. Alonzo Walker
1419,Aaron Crooks
1420,Miss Mindy Pagac-Runolfsdottir
1421,Boyd Stanton
1422,Geraldine Champlin IV
1423,Terrance Donnelly
1424,Norman Aufderhar
1425,Miss Audrey Hane
1426,Jonathon Hudson PhD
1427,Mrs. Nichole Braun
1428,Dr. Gene Auer
1429,Angie Schinner
1430,Ramon Koss
1431,Francisco Bartell-Shields
1432,Ms. Gwendolyn Douglas IV
1433,Alyssa Nolan
1434,Stewart Herzog
1435,Cody Altenwerth
1436,Mr. Terrell Krajcik I
1437,Ronnie Mertz
1438,Silvia Davis
1439,Miss Shari Auer
1440,Janis Franecki PhD
1441,Neal Berge
1442,Susan Bednar
1443,Rudy Gusikowski
1444,Alicia Lubowitz
1445,Randolph Pagac Jr.
1446,Antoinette Beer-Balistreri
1447,Ginger Zieme
1448,Bill Harris
1449,Doris Grant
1450,Jodi Will
1451,Erik Mills-Jerde
1452,Kurt Quitzon
1453,Ms. Janie Mohr V
1454,Priscilla Robel
1455,Leland Bruen
1456,Geraldine Nicolas
1457,Phillip Kunze
1458,Carol Fritsch
1459,Juanita Schuster
1460,Lydia Kovacek
1461,Lionel Spencer
1462,Gary Beier
1463,Floyd Howe
1464,Mr. Jerome Wisozk
1465,Darla Moen
1466,Pam Labadie
1467,Chelsea McCullough
1468,Dr. Abel Schuppe
1469,Wilma Moore
1470,Kendra Fadel
1471,Connie Konopelski
1472,Teri Hudson
1473,Terence Williamson
1474,Scott Langosh
1475,Rosemary Hilll
1476,Clyde O'Kon
1477,Herbert Bartoletti
1478,Marty Cummerata
1479,Erika Blanda-Okuneva
1480,Guadalupe Frami
1481,Tomas Jacobson
1482,Derek Haag
1483,Dolores Luettgen
1484,Mr. Rufus Wolf
1485,Marcos Runolfsson
1486,Barry Schowalter
1487,Claude Schaden
1488,Gary Spencer
1489,Horace Weissnat V
1490,Blanche Cassin
1491,Dr. Ruth Batz IV
1492,Frederick Hermann
1493,Angelo Toy
1494,Malcolm Ferry
1495,William Jakubowski Jr.
1496,Lorenzo Murazik
1497,George Roberts Jr.
1498,Mr. Jan Heathcote
1499,Lauren Schoen
1500,Doreen Shields
