AdminID,AdminName
1,Mr. Saul Ebert
2,Holly Wyman
3,Jennie Johnston
4,Glenda Shanahan
5,Geoffrey Leannon
6,Dr. Randy Reilly PhD
7,Dr. Gertrude Terry
8,Cynthia Raynor
9,Dan Morissette
10,Penny Cassin
11,Curtis Erdman
12,Rudy Ziemann
13,Adrienne Ritchie
14,Rudy Wehner II
15,Francis Jacobson
16,Brent Kovacek
17,Aubrey Klein III
18,Malcolm Boehm
19,Melissa Stiedemann
20,April Dickens
21,Kendra Morar
22,Paula Harris
23,Morris Lueilwitz IV
24,Cameron Tillman
25,Ada Kreiger
26,Miss Essie Wyman
27,Byron Kohler
28,Melissa Dickinson
29,James Kerluke
30,Blake Cruickshank
31,Douglas Murphy
32,Darrin Bergstrom
33,Hector Beahan
34,Rosemarie Mitchell
35,Adrian Christiansen
36,Tony Kuhn-Boyer
37,Ronnie Stracke
38,Alfonso Hand
39,Mrs. Nadine Gorczany
40,Jenny Gleichner DDS
41,Miss Ruby Sawayn
42,Ronald MacGyver
43,Dr. Earnest Nikolaus
44,Ramiro Pagac
45,Miss Ernestine Ankunding I
46,Erick Hegmann
47,Bobbie Kuhic
48,Kimberly Howe
49,Lawrence Anderson
50,Mindy Goyette
51,Mr. Stephen Satterfield
52,Lee Ledner
53,Maxine Durgan
54,Mr. Evan Wiza
55,Cindy Wolff
56,Randal Morissette-Wisozk
57,Jesus Ferry
58,Alfred Christiansen
59,Dr. Jeanette Nolan
60,Felix Thompson
61,Emma Conroy
62,Abraham Prosacco
63,Matthew Ferry
64,Pat Fay-O'Kon
65,Mrs. Jamie Kilback
66,Leticia Fay
67,Francis Sporer
68,Guy Corkery MD
69,Lee Kautzer
70,Cameron Glover Jr.
71,Joyce Johnston
72,Beverly Rodriguez
73,Karl Bruen
74,Joyce Berge
75,Blanche Nolan-Schaefer
76,Kristina Schaden
77,Virgil Schimmel
78,Jeannette Graham
79,Pat Walsh
80,Olive Koepp
81,Clayton Braun
82,Colin Bauch
83,Opal Erdman
84,Paula Spinka
85,Cindy MacGyver
86,Jamie Hammes
87,Roosevelt Price
88,Christina Moore
89,Rolando McKenzie
90,Charlotte Gorczany
91,Frederick Block
92,Lorenzo Lakin
93,Raul Bergstrom IV
94,Kristen Feest V
95,Nathan Crona
96,Rafael Koch IV
97,Wilbur Roob
98,Herbert Runolfsson
99,Sue Reinger
100,Clayton Rippin
101,Trevor Stroman
102,Irvin Cummerata
103,Sonya Hermiston
104,Mrs. Andrea Heidenreich
105,Derrick Heaney
106,Claire Feil-Stanton
107,Jerald Bechtelar
108,Ms. Nettie Steuber
109,Glenda Jerde
110,Kari Ritchie
111,Delores Crona
112,Jane Wyman
113,Leah Feil Jr.
114,Toby Vandervort
115,Deborah Bode
116,Tina Nitzsche
117,Al Schoen
118,Sabrina Krajcik
119,Orville Nader PhD
120,Dora McCullough
121,Karla Dare
122,Dr. Bobbie Stroman
123,Bobbie Powlowski III
124,Dr. Sonya Zulauf
125,Kathy Wehner
126,Edna Rolfson
127,Jim Wyman
128,Cary Mosciski
129,Lela Marvin
130,Barbara Reichert
131,Wallace Schumm
132,Mr. Walter Schmitt
133,Mr. Jacob Gibson
134,Neil Gerhold
135,Roman Kreiger
136,Felipe Von V
137,Joyce Lockman
138,Henry Durgan
139,Howard Beatty
140,David Tremblay
141,Anthony Klein V
142,Sean O'Keefe
143,Jennie Waelchi
144,Elizabeth Jerde Jr.
145,Natasha Price
146,Cynthia Will-Mertz
147,Timmy Hayes
148,Ms. Brenda Becker
149,Gayle Grimes
150,Mr. Jared Graham
151,Olive Block-Raynor
152,Jerry Ortiz
153,Kelli Wyman
154,Stephanie Bartoletti
155,Santiago Bailey
156,Jake Quitzon
157,Jay Stanton-McKenzie
158,Walter Rice
159,Tasha McClure
160,Jane Hane
161,Louise Bailey Jr.
162,Jan Funk
163,Ms. Jennie Stehr
164,Clarence Grady
165,Bobbie Kuhn
166,Dr. Perry Nicolas
167,Jessie Emard
168,Jamie Wuckert
169,Denise Kulas
170,Theresa Yost
171,Sylvester Bogan
172,Jeannette Labadie
173,Kelli Farrell
174,Antoinette King-Koss
175,Dana Stokes
176,Nancy Towne
177,Gabriel Raynor PhD
178,Clifton Nader
179,Dr. Merle Koepp
180,Mr. Erik Carroll
181,Israel Wuckert
182,Frances Reichert
183,Sonia Ullrich
184,Mrs. Carole Shields
185,Ollie Hartmann
186,Holly Macejkovic
187,Dawn Marvin DVM
188,Mr. Dale Harber
189,Anita Pfannerstill
190,Wm Beahan
191,Mr. Chester Lueilwitz Jr.
192,Lorraine Fisher
193,Mildred Marks
194,Amy Krajcik
195,Lewis Paucek-Schuster
196,Wanda Gutkowski
197,Gene Wunsch
198,Wanda Reinger
199,Ricky Volkman
200,Brent Kilback
201,Malcolm Bernhard
202,Ramona Goldner-Willms
203,Garrett Konopelski
204,Dr. Geneva Rosenbaum III
205,Cecilia Veum-Cummerata
206,Marcus O'Connell
207,Debra Gibson IV
208,Antonia Upton
209,Debra Friesen
210,Shane McGlynn
211,Sheila Becker
212,Sadie Bruen Jr.
213,Jean Kuhic
214,Miss Monique Breitenberg
215,Lynne Howe
216,Fernando Botsford
217,Leland Paucek DDS
218,Ruby Wilderman
219,Victoria Hudson
220,Irma Volkman
221,Kurt Schowalter
222,Pat Turner DVM
223,Terry Hoppe
224,Kelli Runolfsdottir II
225,Brett Yundt
226,Sophia White
227,Isaac Roberts
228,Roy Bradtke
229,Lionel Lueilwitz I
230,Isabel Ward
231,Dean Murray
232,Sherri Champlin
233,Joey Carroll
234,Dr. Todd DuBuque
235,Celia Moen
236,Gene Simonis I
237,Kara Rippin
238,Anne Schaefer
239,Eula Dare
240,Sophie Friesen
241,Erik Rosenbaum
242,Amelia Jast
243,Miss Eva Bahringer
244,Danny Kiehn
245,Alton Daugherty
246,Taylor Balistreri-Doyle
247,Lillie Heathcote
248,Glenda Friesen
249,Doris Hermann
250,Jeffery Mante
251,Christian Wisoky
252,Melba Williamson
253,Sherman Jacobi
254,Johnny Cremin
255,Joseph Conroy
256,Kyle Rempel
257,Marshall Kub
258,Lora Brakus
259,Miss Lucy Bailey
260,Dr. Neal Hauck I
261,Dr. Brad Rosenbaum
262,Mr. Austin Weimann III
263,Lucas Klocko
264,Jeannette Swaniawski
265,Jackie Gusikowski
266,Theodore McKenzie
267,Mr. Troy Schuster
268,Monica Gleichner
269,Mr. Domingo Hoppe
270,Patty Gislason
271,Kelvin Dare-Gleichner
272,Miss Esther Graham
273,Jeannie Olson
274,Lionel Greenholt-Hahn DDS
275,Ada Mueller
276,Florence Cartwright-Halvorson
277,Cathy Predovic
278,Gilbert Moen
279,Jan Ward DDS
280,Angel Marks Jr.
281,Dr. Joan Schowalter
282,Archie Erdman
283,Laverne Upton
284,Mrs. Louise Pfannerstill
285,Bob O'Reilly
286,Felipe Roob
287,Melissa Kling
288,Marcus Schaden
289,Lawrence Will IV
290,Lucia Walter
291,Mr. Ed Harber
292,Chelsea Abbott
293,Gerald Kemmer
294,Lila Lind
295,Emily Kemmer
296,Daisy Rippin
297,Tammy Carter
298,Troy Kohler
299,Mae Grady II
300,Ervin Schuster
301,Jimmie Bergnaum
302,Ellen Bauch
303,Roger Ruecker Sr.
304,Jerry Waters II
305,Elena Fadel
306,Mr. Jay D'Amore
307,Joy Kessler
308,Barry Maggio
309,Wilma Schiller
310,Kirk Crooks-Smith
311,Wilma Bayer
312,Mr. Greg Breitenberg
313,Wilbur Koelpin
314,Vicky Klein
315,Dr. Krista Nikolaus
316,Harriet Runolfsdottir
317,Gerald Hirthe IV
318,Sonya Bergstrom
319,Melba Heidenreich
320,Darrin Toy
321,Edmund Beier
322,Brett Walter V
323,Timothy Murray
324,Jacquelyn Brekke
325,Christina Hickle
326,Delia Gislason Sr.
327,Louis Renner
328,Whitney Schmeler MD
329,Emilio Dare
330,Brooke Considine
331,Laurie Weissnat
332,Mathew Block
333,Natasha Farrell
334,Rhonda Strosin-Gulgowski
335,Edith Hilpert
336,Sonia Cruickshank III
337,Bridget Stracke
338,Jenny Streich
339,Nicholas Homenick-Franey
340,Megan Bogan
341,Melissa Stiedemann PhD
342,Hazel Towne
343,Brett Deckow
344,Gilbert West
345,Margaret Zemlak
346,Walter Daniel DVM
347,Dr. Walter Tremblay
348,Abel Crooks
349,Mrs. Allison Zboncak
350,Janis Tillman
351,Margaret Kovacek
352,Vivian Swift
353,Luke Lueilwitz-Koch
354,Naomi Osinski
355,Rex Weber
356,Dr. Vanessa Leannon
357,Mrs. Kristine Heller
358,Derrick Marquardt
359,Fernando Rowe
360,Nathaniel Brown
361,Lionel Nicolas
362,Ms. Freda Stracke
363,Andrea Beatty
364,Shari Keebler Jr.
365,Bonnie Robel Jr.
366,Rosemary Kihn
367,Clayton Lowe
368,Bert Kovacek Sr.
369,Salvatore Haley
370,Tommy McLaughlin
371,Janis Kassulke
372,Leland Schuppe
373,Bryant Moore
374,Mable Wuckert
375,Angel Boyer
376,Eleanor Mueller
377,Nicole Wiegand
378,Adrienne Mueller
379,Regina Greenfelder
380,Mrs. Stephanie Strosin
381,Shannon Mante III
382,Lynn MacGyver IV
383,Gladys Hahn
384,Pat Lockman DDS
385,Samuel Stroman
386,Allan Sporer
387,Amos Haley
388,Elsa Hayes I
389,Kayla Treutel
390,Sheri Collins
391,Dr. Faith Denesik
392,Justin Tillman
393,Elena Emard
394,Gerardo Pouros Jr.
395,Rick Thiel
396,Kelly Schiller
397,Jana Grant
398,Don Pfannerstill DVM
399,Carole Farrell
400,Dr. Evan Murphy
401,Chelsea Johnson
402,Merle Howe
403,Salvador Ruecker PhD
404,Josephine Bashirian
405,Rebecca Robel
406,Emily Krajcik MD
407,Elmer Harris
408,Theodore Schinner
409,Fredrick Simonis
410,Cody Batz
411,Johnny Lockman
412,Samantha Boyer
413,Jo Schuppe
414,Shaun Mertz
415,Jeanette Mitchell
416,Dr. Florence Sauer
417,Jan Morar
418,Dr. Alonzo Walker
419,Aaron Crooks
420,Miss Mindy Pagac-Runolfsdottir
421,Boyd Stanton
422,Geraldine Champlin IV
423,Terrance Donnelly
424,Norman Aufderhar
425,Miss Audrey Hane
426,Jonathon Hudson PhD
427,Mrs. Nichole Braun
428,Dr. Gene Auer
429,Angie Schinner
430,Ramon Koss
431,Francisco Bartell-Shields
432,Ms. Gwendolyn Douglas IV
433,Alyssa Nolan
434,Stewart Herzog
435,Cody Altenwerth
436,Mr. Terrell Krajcik I
437,Ronnie Mertz
438,Silvia Davis
439,Miss Shari Auer
440,Janis Franecki PhD
441,Neal Berge
442,Susan Bednar
443,Rudy Gusikowski
444,Alicia Lubowitz
445,Randolph Pagac Jr.
446,Antoinette Beer-Balistreri
447,Ginger Zieme
448,Bill Harris
449,Doris Grant
450,Jodi Will
451,Erik Mills-Jerde
452,Kurt Quitzon
453,Ms. Janie Mohr V
454,Priscilla Robel
455,Leland Bruen
456,Geraldine Nicolas
457,Phillip Kunze
458,Carol Fritsch
459,Juanita Schuster
460,Lydia Kovacek
461,Lionel Spencer
462,Gary Beier
463,Floyd Howe
464,Mr. Jerome Wisozk
465,Darla Moen
466,Pam Labadie
467,Chelsea McCullough
468,Dr. Abel Schuppe
469,Wilma Moore
470,Kendra Fadel
471,Connie Konopelski
472,Teri Hudson
473,Terence Williamson
474,Scott Langosh
475,Rosemary Hilll
476,Clyde O'Kon
477,Herbert Bartoletti
478,Marty Cummerata
479,Erika Blanda-Okuneva
480,Guadalupe Frami
481,Tomas Jacobson
482,Derek Haag
483,Dolores Luettgen
484,Mr. Rufus Wolf
485,Marcos Runolfsson
486,Barry Schowalter
487,Claude Schaden
488,Gary Spencer
489,Horace Weissnat V
490,Blanche Cassin
491,Dr. Ruth Batz IV
492,Frederick Hermann
493,Angelo Toy
494,Malcolm Ferry
495,William Jakubowski Jr.
496,Lorenzo Murazik
497,George Roberts Jr.
498,Mr. Jan Heathcote
499,Lauren Schoen
500,Doreen Shields
