EmployeeID,EmployeeName
1,Shelia Mahoney
2,Jo Rivers
3,Sheryl Lowery
4,Whitney Hooper
5,Lindsey Rice
6,Sherry Caldwell
7,Ernest Hoffman
8,Doris Andersen
9,Cheryl Mays
10,Harry Mitchell
11,Casey Ayala
12,Sara Huff
13,Eddie Barnes
14,Ralph Lowe
15,Priscilla Davis
16,Carly Abbott
17,Nicolas Mckinney
18,Natasha Macias
19,Courtney Jenkins
20,Perry Mcmahon
21,Emily Travis
22,Meghan Hawkins
23,Ernest Oconnell
24,Norman Walton
25,Roger Sweeney
26,Ethan Wu
27,Catherine Myers
28,Catherine Nash
29,Corey Delgado
30,Hunter Hahn
31,Dakota Gomez
32,Nathaniel Clarke
33,Marco Reyes
34,Todd Weber
35,Bryan Vaughn
36,Adrienne Lambert
37,Seth Hess
38,Stefanie Sherman
39,Kent Velez
40,Angela Huff
41,Harry Moore
42,Kristopher Barnes
43,Rachael Herrera
44,Vincent Berger
45,Don Bolton
46,Olivia Duke
47,Erik Rosales
48,Judith Wall
49,Chloe Ramirez
50,George Mercer
51,Jo Zavala
52,Joshua Carey
53,Rickey Hobbs
54,Robyn Reilly
55,Christina Conrad
56,Shelby Cole
57,Steve Donovan
58,Gina Little
59,Connie Dawson
60,Aaron Page
61,Lance Bradshaw
62,Mary Daniels
63,Yesenia Harding
64,Shane Reyes
65,Norma Olson
66,Melinda Haas
67,Darrell Fuller
68,Priscilla Valenzuela
69,Karla Steele
70,Alexandria Mcguire
71,Joanna Doyle
72,Lydia Neal
73,Darryl Meyer
74,Alice Harding
75,Seth Pratt
76,Amy Payne
77,Vickie Mccoy
78,Hector Sparks
79,Colin Conley
80,Joshua Grant
81,Yesenia Key
82,Meghan Humphrey
83,Eddie Daniels
84,Joyce Abbott
85,Isaiah Olson
86,Curtis Haney
87,Devon Henry
88,Jordan Long
89,Tom Mccarty
90,Bethany Davila
91,Ariel Blankenship
92,Jaclyn Mclean
93,Stephanie Donovan
94,Carly Brooks
95,Dominique Stevenson
96,Doris Holmes
97,Joe Acevedo
98,Tony Melendez
99,Lydia Vargas
100,Matthew Yoder
101,Laura Bishop
102,Vernon Terry
103,Roberta Hodge
104,Janet Heath
105,Taylor Paul
106,Ariana Potter
107,Dave Myers
108,Beth Harrington
109,Diamond Spence
110,Timothy Weeks
111,Victor Castro
112,Samantha Harris
113,Priscilla Bean
114,Erica Atkins
115,Tonya Blankenship
116,Diane Small
117,Karl Floyd
118,Dana Higgins
119,Neil Sawyer
120,Julia Acosta
121,Brandy Carpenter
122,Darren Manning
123,Roger Beasley
124,Albert Tyler
125,Tracie Mooney
126,Tim Ponce
127,Margaret Carr
128,Autumn Davis
129,Christina Hendrix
130,Andrew Holden
131,April Hebert
132,Peter Long
133,Christina Carter
134,David Faulkner
135,Willie Arellano
136,Traci Sosa
137,Alexandria Burgess
138,Manuel Castro
139,Nathan Glenn
140,Hailey Aguirre
141,Arthur Lyons
142,Alexa Washington
143,Jorge Wells
144,Oscar Camacho
145,Derrick Cook
146,Teresa Page
147,Randy Tanner
148,Joann Fuller
149,Christopher Braun
150,Malik Summers
151,Kristi Sims
152,Mariah Huang
153,Monique Mahoney
154,Stacie Cardenas
155,Shannon Cochran
156,Peggy Odom
157,Anthony Briggs
158,Perry Levine
159,Denise Hahn
160,Thomas Bruce
161,Robyn Paul
162,Miguel Leblanc
163,Laura Rice
164,Madeline Leach
165,Christopher Nixon
166,Mackenzie Cantrell
167,Phyllis Sanchez
168,Jesus Sosa
169,Maurice Hodge
170,Brittney Stafford
171,Dalton Butler
172,Russell Zamora
173,Alex Stewart
174,Jenny Nash
175,Daryl Koch
176,Jake Tate
177,Luke Fletcher
178,Earl Yates
179,Brittany James
180,Wanda Alvarado
181,Mckenzie Beltran
182,Ernest Camacho
183,Haley Hays
184,Dalton Chaney
185,Drew Sanchez
186,Bradley Copeland
187,Alan Randall
188,Angelica Hull
189,Daryl Newman
190,Tristan Morton
191,Tami Compton
192,Grant Esparza
193,Sherri Williams
194,Barbara Bowers
195,Sherry Maldonado
196,Francisco Flowers
197,Janice Daugherty
198,Melody Clements
199,Evan Howe
200,Terrance Rowe
201,Stephanie Nunez
202,Jimmy Wiggins
203,Sonia Parks
204,Curtis Zamora
205,Tracie Baker
206,Eugene Richmond
207,Lonnie Bernard
208,Alan Shaffer
209,Grace Mckenzie
210,Logan Obrien
211,Katrina Duke
212,Katherine Bolton
213,Perry Rollins
214,Makayla York
215,Jo Olsen
216,Christian Mosley
217,Nancy Arias
218,Cheryl Friedman
219,Helen Maynard
220,Jennifer Kane
221,Danielle Howard
222,Candice Estes
223,Renee Alvarado
224,Annette Santos
225,Kerry Newman
226,Lindsey Kline
227,Dominic Buchanan
228,Gordon Hess
229,Bruce Pineda
230,Maxwell Vega
231,Geoffrey Lawrence
232,Charlene Schwartz
233,Anita Burnett
234,Leslie Patel
235,Pamela Hayden
236,Deanna Ford
237,Bonnie Hammond
238,Debra Byrd
239,Sharon Torres
240,Olivia Austin
241,Jean Harmon
242,Bridget Griffith
243,Curtis Flores
244,Bridget Ryan
245,Mitchell Boyd
246,Peter Bruce
247,Jonathon Huynh
248,Connie Myers
249,Stacie Barnett
250,Jacqueline Harper
251,Kara Bruce
252,Caroline Lindsey
253,Meagan Salazar
254,Jamie Logan
255,Nicholas Glenn
256,Shane Donaldson
257,Norman Zhang
258,Pamela Hutchinson
259,Yolanda Stanton
260,Phillip Valencia
261,Taylor Benton
262,Ebony Ross
263,Lucas Hess
264,Alan Nixon
265,Ernest Wong
266,Kristina Krueger
267,Shaun Nixon
268,Anthony Wallace
269,William Ingram
270,Bobby Day
271,Krista Booker
272,Isaiah Hood
273,Gilbert Church
274,Dawn Francis
275,Melody Jacobson
276,Edgar Ball
277,Allison Walls
278,Clayton Anderson
279,Desiree Beltran
280,Yvette Webster
281,Albert Cross
282,Kara Gamble
283,Yolanda Miller
284,Cheryl Tucker
285,Beverly Clarke
286,Kerri Morris
287,Ralph Richards
288,Stefanie Castillo
289,Judith Huff
290,Benjamin Ramsey
291,Pamela Dean
292,Tricia Chandler
293,Zachary Nixon
294,Leon Guerrero
295,Lacey Casey
296,Yesenia Petty
297,Phillip Morales
298,Teresa Powers
299,Stacy Roach
300,Gary Blackwell
301,Jasmine Irwin
302,Angie Munoz
303,Stanley Beard
304,Mary Donaldson
305,Tristan Aguirre
306,Jessica Stokes
307,Kerry Downs
308,Megan Owen
309,Steven Decker
310,Dwayne Vazquez
311,Chelsey Singh
312,Alex Newton
313,Bethany Walsh
314,Mario Pennington
315,Deborah Benjamin
316,Marc Owens
317,Kristin Love
318,Frederick Villegas
319,Angel Vance
320,Tasha Stout
321,Emily Good
322,Warren Harrington
323,Julian Camacho
324,Edward Powers
325,Hector Fritz
326,Brittney May
327,Bethany Santos
328,Vicki Mitchell
329,Jay Perkins
330,Candace Case
331,Valerie Welch
332,Hunter Blair
333,Phillip Barnes
334,Micheal Booker
335,Daniel Morris
336,Jonathan Molina
337,Kirk Norton
338,Kurt Liu
339,Stefanie Prince
340,Ariana Hickman
341,Lydia Torres
342,Jenny Hurley
343,Ryan Ward
344,Aimee Bridges
345,Kari Brewer
346,Vicki Park
347,Kerri Simpson
348,Raven Moore
349,Darryl Barton
350,Leah Benton
351,Bernard Schroeder
352,Robert Montgomery
353,Randall Collins
354,Stacie Archer
355,Eduardo Rodgers
356,Robert Avila
357,Jermaine Michael
358,Lance Blankenship
359,Alvin Smith
360,Kathryn Bernard
361,Jamie Jimenez
362,Francisco Hutchinson
363,Earl Jenkins
364,Heather Snyder
365,Christine Matthews
366,Kaylee Dixon
367,Ariel Prince
368,Emma Hinton
369,Kara Esparza
370,Erika Cruz
371,Preston Erickson
372,Brittney Norris
373,Gilbert Lin
374,Jose Deleon
375,Phyllis Strickland
376,Robyn Ferrell
377,Marie Taylor
378,Cameron Gray
379,Calvin Gilbert
380,Glenn Graves
381,Jeff Olsen
382,Wyatt Monroe
383,Gina Leon
384,Susan Fritz
385,Tommy Combs
386,Julian Sherman
387,Fernando Carpenter
388,Leonard Parsons
389,Nina Giles
390,Anne Fox
391,Mandy Green
392,Angel Stokes
393,Bryce Ball
394,Whitney Vargas
395,Natalie Grimes
396,Vickie Velez
397,Grant Morrison
398,Bradley Douglas
399,Roberto Yu
400,Debbie Lozano
401,Henry Ellis
402,Kyle Bartlett
403,Ricky Fitzpatrick
404,Tanya Spencer
405,Francis Walter
406,Lydia Alexander
407,Jessica Chambers
408,Summer Escobar
409,Marisa Vance
410,Gabrielle Fritz
411,Maureen Barrett
412,Cody Arnold
413,Holly Manning
414,Samantha Barr
415,Hailey Pena
416,Phillip Dalton
417,Maria Downs
418,Sarah Ayers
419,Gregg Hurst
420,Micheal Todd
421,Gabriel Heath
422,Joy Mercer
423,Karen Brown
424,Molly Gutierrez
425,Scott Mcmahon
426,Grace Bolton
427,Kerry Andersen
428,Xavier Johnston
429,Dustin Hudson
430,Brendan Gilbert
431,Cory Forbes
432,Carla Marshall
433,Tracy Jarvis
434,Anne Garza
435,Megan Mcdonald
436,Sydney Trujillo
437,Regina Mclaughlin
438,Randy Bowen
439,Darin Wu
440,Tracey Hurley
441,Jocelyn Hodge
442,Susan Joseph
443,Whitney Burke
444,Emma Caldwell
445,Valerie Koch
446,Kiara Miranda
447,Karla Shelton
448,Marisa Snyder
449,Lynn Cordova
450,Sydney Leonard
451,Diane Patel
452,Christian Zuniga
453,Clayton Hale
454,Brandon Campbell
455,Haley Gay
456,Megan Roberts
457,Kathleen Lang
458,Traci Duke
459,Bryan Dawson
460,Caitlyn Wiggins
461,Mary Salinas
462,Cassie Knapp
463,Nathaniel Shaffer
464,Marcia Wilcox
465,Jose Webb
466,Drew Valentine
467,Max Madden
468,Valerie Wright
469,Elijah Barnett
470,Jeanne Mata
471,Sylvia Cisneros
472,Linda Patterson
473,Peggy Guerrero
474,Tracey George
475,Curtis Bolton
476,Candice Cervantes
477,Rodney Obrien
478,Jay Lawson
479,Shawn Hogan
480,Bob Park
481,Carmen Stevenson
482,Dawn Hickman
483,Elaine Nichols
484,Ross Carrillo
485,Blake Long
486,Johnny Phillips
487,Tanner Ford
488,Louis Hayden
489,Lonnie Meza
490,Kellie Frye
491,Claudia Leon
492,Evan Logan
493,Monica Fry
494,Caleb Nguyen
495,Tasha Lamb
496,Alyssa Cisneros
497,Seth Bullock
498,Logan Henry
499,Mark Bishop
500,Sheena Baird
501,Melody Clayton
502,Sheryl Yoder
503,Lynn Carney
504,Carmen Irwin
505,Shelley Patton
506,Jaime Mays
507,Dan Woodard
508,Melinda Ortega
509,Clayton Flowers
510,Rita Jefferson
511,Melissa Palmer
512,Sally Strickland
513,Janice Wood
514,Sean Velazquez
515,Marcia Berry
516,Dustin Howard
517,Jodi Jordan
518,Benjamin Moses
519,Paula Mooney
520,Melvin Edwards
521,Kaylee Cantrell
522,Logan Beck
523,Preston Webb
524,Bernard Payne
525,Gina Mays
526,Ariel Wilkinson
527,Don Melton
528,Alex Burns
529,Shelia Spencer
530,Dominic Graham
531,Leslie Richmond
532,Amy Roman
533,Judy Meyers
534,Alex Morrison
535,Allen Mccall
536,Tiffany Donovan
537,Sally Garrett
538,Dakota Pace
539,Willie Ewing
540,Isabella Caldwell
541,Janet Mcgrath
542,Jeanette Thompson
543,Emily Lawson
544,Cristian Chavez
545,Nina Mullins
546,Kyle Bruce
547,Jacob Arroyo
548,Nicholas Kirby
549,Jasmine Chapman
550,Jackie Potter
551,Rebecca Castillo
552,Catherine Summers
553,Clifford Shields
554,Chase Davies
555,Jeff Mejia
556,Brandy Baxter
557,Heidi Valenzuela
558,Andrew Logan
559,Virginia Sparks
560,Samantha Brown
561,Lorraine Andersen
562,Kendra Buck
563,Aaron Wheeler
564,Raven Waters
565,Terri Stout
566,Ross Cherry
567,Jeremy Gonzales
568,Edward Mcintosh
569,Sabrina Wilkerson
570,Darren Ramirez
571,Tanya Burgess
572,Connor Benitez
573,Angela Pruitt
574,Norma Cline
575,Perry Camacho
576,Darryl Ballard
577,Maxwell Greene
578,Nicole Harrington
579,Gail Walters
580,David Cooper
581,Jade Molina
582,Shannon Marquez
583,Jake Shannon
584,Dawn Lowery
585,Carrie Newman
586,Ross Davenport
587,Johnathan Dudley
588,Franklin Decker
589,Candace Velasquez
590,Kaylee Skinner
591,Francis Carr
592,Breanna Yu
593,Marco Ramos
594,April Love
595,Bryan Wise
596,Sabrina Burch
597,Evan Kerr
598,Luis Knox
599,Jo Beasley
600,Rebecca Beasley
601,Kristie Good
602,Natalie Velasquez
603,Dominic Friedman
604,Molly Ashley
605,Kristin Wang
606,Rick Chavez
607,Wyatt Bennett
608,Meagan Roth
609,Lisa Roy
610,Marie Bautista
611,Rita Walsh
612,Howard Sosa
613,Kenneth Middleton
614,Katelyn Burns
615,Douglas Ellis
616,Rickey Sims
617,Tammy Delacruz
618,Mallory Warner
619,Charlene Abbott
620,Bailey Bonilla
621,Jody Carlson
622,Theresa Zavala
623,Darlene Underwood
624,Amanda Glover
625,Vickie Mcgee
626,Laurie Wallace
627,Fernando Escobar
628,George Maynard
629,Samuel Glover
630,Heidi Brock
631,Bill Pierce
632,Max Hanson
633,Alexander Benjamin
634,Kelly Gentry
635,Brett Petersen
636,Lorraine Miles
637,Heidi Berger
638,Jaime Kelley
639,Brittany Conner
640,Christy Martin
641,Regina Sims
642,Ariel Bean
643,Troy Weeks
644,Carrie Gomez
645,Norman Lambert
646,Vernon Lara
647,Shaun Robertson
648,Sheila Pace
649,Diamond Huber
650,Bryan Oconnell
651,Chelsea Fitzpatrick
652,Emma Jenkins
653,Elijah Roberts
654,Darren Hamilton
655,Alicia Orr
656,Christina Barnett
657,Tabitha Beltran
658,Sarah Schroeder
659,Katrina Jordan
660,Sophia Harris
661,Brady Coffey
662,Kristie Cameron
663,Tracy Yang
664,Hayley Hess
665,Joanne Moody
666,Rick Shields
667,Jo Harris
668,Yvette Barrett
669,Autumn Avila
670,Eduardo Maldonado
671,Shari Gillespie
672,Caitlyn Webb
673,Cathy Gallagher
674,Morgan Spears
675,Bianca Merritt
676,Kenneth Sanchez
677,David Skinner
678,Caitlin Hoffman
679,Peggy Moore
680,Doris Larsen
681,Mercedes Potts
682,Craig Duffy
683,Tami Patton
684,Erik Summers
685,Theresa Cantrell
686,Kendra Bird
687,Heidi Odonnell
688,Regina Green
689,Betty Quinn
690,Mariah Woodard
691,Emily Molina
692,Kristine Dyer
693,Brad Crosby
694,Drew Beck
695,Blake Whitehead
696,Maureen Flores
697,Monica Santos
698,Brittney Stephens
699,Aaron Little
700,Leon Duarte
701,Frances Harrell
702,Anthony Ross
703,Alejandra Esparza
704,Angelica Lynn
705,Tara Moody
706,Patrick Landry
707,Claire Esparza
708,Evan Sheppard
709,Claire Thornton
710,Richard Rocha
711,Kent Flowers
712,Jane Zamora
713,Rita Sweeney
714,Leah Mcfarland
715,Vincent Schmidt
716,Ronnie Hurley
717,Audrey Burke
718,Javier Mata
719,Cassie Price
720,Julian Zuniga
721,Carla Ramos
722,Elizabeth Pearson
723,Lorraine Carney
724,Joanna Kaiser
725,Johnny Daugherty
726,Gabriel Bird
727,Bianca Becker
728,Reginald Roach
729,Kimberly Kirby
730,Lonnie Duke
731,Kelli Koch
732,Jo Kidd
733,Diana Rivera
734,Allen Fitzgerald
735,Leonard Wallace
736,Arthur Pugh
737,Dwayne Bauer
738,Heidi Avila
739,Franklin Key
740,Sergio Rangel
741,Gina David
742,Mike Baldwin
743,Holly Burnett
744,Jenna Dawson
745,Catherine Bryan
746,Jerome Dougherty
747,Wayne Zhang
748,Blake Duke
749,Rick Mosley
750,Reginald Howard
751,Chad Manning
752,Wayne Velazquez
753,Darren Lowery
754,Perry Wright
755,Mandy Gregory
756,Tammie Neal
757,Wayne Guzman
758,Whitney Wang
759,Cassie Moore
760,Regina Carlson
761,Jason Downs
762,Jose Kemp
763,Joy Meadows
764,Renee Bowen
765,Julian Pennington
766,Pam Jennings
767,Julie Mckay
768,Jodi Pena
769,Mason Compton
770,Frederick Perry
771,Sheena Crawford
772,Katelyn Henderson
773,Bobby Patterson
774,Marvin Steele
775,Katrina Woods
776,Rachael Delgado
777,Alexandra Ward
778,Darlene Mcdonald
779,Morgan Luna
780,Vernon Hancock
781,Robyn Richardson
782,Vanessa Fischer
783,Heidi Roman
784,Kristen Brewer
785,Jean Browning
786,Lawrence Gregory
787,Christine Payne
788,Barbara Ramirez
789,Ruben Hammond
790,Donald Nash
791,Angelica Anthony
792,Claire Glass
793,Leslie Curry
794,Calvin Thomas
795,Makayla Boyer
796,Caitlyn Bass
797,Tony Holmes
798,Lydia Cisneros
799,Debra Knight
800,Garrett Barber
801,Annette Grant
802,Todd Blackburn
803,Xavier Ray
804,Gilbert Wilcox
805,Frances Gilbert
806,Eduardo Whitehead
807,Jillian Valenzuela
808,Jenna Atkins
809,Chelsey Martinez
810,Ebony Harmon
811,Grace Underwood
812,Harry Conrad
813,Rebekah Koch
814,Jody Nguyen
815,Caleb Erickson
816,Katie Gamble
817,Patricia Lane
818,Dorothy Shannon
819,Dominic Moran
820,Virginia Tate
821,Terrance Hubbard
822,Paula Daniels
823,Steve Peck
824,Franklin Conley
825,Mary Aguirre
826,Krista Alexander
827,Tim Frey
828,Shane Mcgrath
829,Sonya Nixon
830,Diana Burnett
831,Kirk Stanton
832,Toni Kline
833,Sonya Flowers
834,Stuart Kim
835,Margaret Wang
836,Fred Dennis
837,Becky Jimenez
838,Mark Donovan
839,Terri Brock
840,Jorge Flynn
841,Jean Harding
842,Laura Horton
843,Carlos Ramos
844,Norman Fritz
845,Dana Hayes
846,Jonathon Holden
847,David Garcia
848,Javier Camacho
849,Shelley Barajas
850,Jerry Mooney
851,Gwendolyn Lane
852,Jon Soto
853,Melody Hebert
854,Gloria Allison
855,Kristi Orr
856,Bethany Olson
857,Holly Cisneros
858,Stuart Tapia
859,Kaylee Meyers
860,Ricardo Washington
861,Roberto Frey
862,Doris Coleman
863,Nancy Reese
864,Juan Pratt
865,Marvin Li
866,Angela Novak
867,Bradley Miller
868,Jaclyn Duke
869,Leon Farrell
870,Katrina Duncan
871,Savannah Marsh
872,Cristian Hansen
873,Jasmine Mcdaniel
874,Wendy Ware
875,Leroy Ramsey
876,Natalie Owens
877,Craig Olson
878,Patrick Wallace
879,Ivan Newton
880,Cody Stafford
881,Sonia Hendricks
882,Bill Glass
883,Rebecca Nolan
884,Daniel Braun
885,April Mcdaniel
886,Curtis Saunders
887,Haley Pineda
888,Brad Lynch
889,Ashlee Snow
890,Malik Tate
891,Cristina Berry
892,Malik Bruce
893,Tonya Barrett
894,Gabrielle Knox
895,Darlene Sheppard
896,Dominique Mendez
897,Ronnie David
898,Gabriella Pena
899,Cindy Washington
900,Cristina Arroyo
901,Tracie Trevino
902,Alyssa Robles
903,Marco Shannon
904,Megan Chavez
905,Francisco Fox
906,Martha Lin
907,Sarah Bautista
908,Katie George
909,Sylvia Boyer
910,Whitney Andrews
911,Michaela Calhoun
912,Steven Mata
913,Cheryl May
914,Yolanda Wagner
915,Christina Walters
916,Dustin Dyer
917,Angel Knox
918,Jill Jenkins
919,Gail Skinner
920,Suzanne Hernandez
921,Joanne Silva
922,Cole Hancock
923,Joshua Phillips
924,Suzanne Hendrix
925,Tyler Morse
926,Debra Shields
927,Marie Dominguez
928,Charles Griffith
929,Shari Glenn
930,Stephen Callahan
931,Geoffrey Booth
932,Noah Owen
933,Mariah Finley
934,Angelica Frazier
935,Angel Davidson
936,Evelyn Holloway
937,Luis Neal
938,Karla Obrien
939,Glenn Schaefer
940,Julian Andrade
941,Willie Mccall
942,Danielle Sims
943,Sally Carrillo
944,Johnny Elliott
945,Janet Mckinney
946,Brendan Ellison
947,Ana Rivas
948,Emma Lawson
949,Heather Holder
950,Daryl Knox
951,Johnny Clarke
952,Laurie Blanchard
953,Malik Stanley
954,Mikayla Chaney
955,Tasha Ramos
956,Travis Krause
957,Kathy Yoder
958,Charles Hubbard
959,Beth Moyer
960,Joan Kelly
961,Don Pacheco
962,Madeline Sellers
963,Candice Barber
964,Angel Marquez
965,Breanna Mccullough
966,Cassandra Adkins
967,Sherry Holloway
968,Caitlyn Hubbard
969,Noah Lloyd
970,Vernon Daugherty
971,Jean Conway
972,Phyllis Ray
973,Wesley Berger
974,Damon Petersen
975,Tyrone Ponce
976,Victor Ayers
977,Dennis Hampton
978,Darius Kerr
979,Duane English
980,Jon Kaufman
981,Roger Hernandez
982,James Atkins
983,Damon Colon
984,Dorothy Harvey
985,Derrick Stanton
986,Susan Clark
987,Lonnie Reynolds
988,Joshua Walker
989,Gavin Banks
990,Omar Kent
991,Lydia Obrien
992,Brittney Trevino
993,Greg Chapman
994,Eugene Love
995,Beverly Ball
996,Kurt Bryant
997,Donna Barry
998,Cathy Mckinney
999,Jermaine Phelps
1000,Lee Tran
